PubMedID,TypeCitation,ProjectAccessions
26251673,Re-analysis|multi-omics integration,PRD000053
26560066,Re-analysis|proteogenomics,PRD000518
30175587,Re-analysis,PRD000525|PRD000526|PRD000527|PXD000212|PXD000243|PXD000396|PXD000589|PXD000759|PXD000895|PXD000999|PXD001061|PXD001249|PXD001258|PXD001333|PXD001374|PXD001381|PXD001426|PXD001441|PXD001660|PXD002252|PXD002277|PXD002395|PXD002815|PXD002880|PXD002987|PXD003209|PXD003370|PXD003530|PXD003560|PXD003917|PXD004182|PXD004273|PXD004613|PXD004900|PXD004940|PXD005018|PXD005181|PXD005366|PXD005509|PXD005712|PXD006112
30175587,Re-analysis,PRD000525|PRD000526|PRD000527|PXD000212|PXD000243|PXD000396|PXD000589|PXD000759|PXD000895|PXD000999|PXD001061|PXD001249|PXD001258|PXD001333|PXD001374|PXD001381|PXD001426|PXD001441|PXD001660|PXD002252|PXD002277|PXD002395|PXD002815|PXD002880|PXD002987|PXD003209|PXD003370|PXD003530|PXD003560|PXD003917|PXD004182|PXD004273|PXD004613|PXD004900|PXD004940|PXD005018|PXD005181|PXD005366|PXD005509|PXD005712|PXD006112
30175587,Re-analysis,PRD000525|PRD000526|PRD000527|PXD000212|PXD000243|PXD000396|PXD000589|PXD000759|PXD000895|PXD000999|PXD001061|PXD001249|PXD001258|PXD001333|PXD001374|PXD001381|PXD001426|PXD001441|PXD001660|PXD002252|PXD002277|PXD002395|PXD002815|PXD002880|PXD002987|PXD003209|PXD003370|PXD003530|PXD003560|PXD003917|PXD004182|PXD004273|PXD004613|PXD004900|PXD004940|PXD005018|PXD005181|PXD005366|PXD005509|PXD005712|PXD006112
30175587,Re-analysis,PRD000525|PRD000526|PRD000527|PXD000212|PXD000243|PXD000396|PXD000589|PXD000759|PXD000895|PXD000999|PXD001061|PXD001249|PXD001258|PXD001333|PXD001374|PXD001381|PXD001426|PXD001441|PXD001660|PXD002252|PXD002277|PXD002395|PXD002815|PXD002880|PXD002987|PXD003209|PXD003370|PXD003530|PXD003560|PXD003917|PXD004182|PXD004273|PXD004613|PXD004900|PXD004940|PXD005018|PXD005181|PXD005366|PXD005509|PXD005712|PXD006112
30175587,Re-analysis,PRD000525|PRD000526|PRD000527|PXD000212|PXD000243|PXD000396|PXD000589|PXD000759|PXD000895|PXD000999|PXD001061|PXD001249|PXD001258|PXD001333|PXD001374|PXD001381|PXD001426|PXD001441|PXD001660|PXD002252|PXD002277|PXD002395|PXD002815|PXD002880|PXD002987|PXD003209|PXD003370|PXD003530|PXD003560|PXD003917|PXD004182|PXD004273|PXD004613|PXD004900|PXD004940|PXD005018|PXD005181|PXD005366|PXD005509|PXD005712|PXD006112
30175587,Re-analysis,PRD000525|PRD000526|PRD000527|PXD000212|PXD000243|PXD000396|PXD000589|PXD000759|PXD000895|PXD000999|PXD001061|PXD001249|PXD001258|PXD001333|PXD001374|PXD001381|PXD001426|PXD001441|PXD001660|PXD002252|PXD002277|PXD002395|PXD002815|PXD002880|PXD002987|PXD003209|PXD003370|PXD003530|PXD003560|PXD003917|PXD004182|PXD004273|PXD004613|PXD004900|PXD004940|PXD005018|PXD005181|PXD005366|PXD005509|PXD005712|PXD006112
30175587,Re-analysis,PRD000525|PRD000526|PRD000527|PXD000212|PXD000243|PXD000396|PXD000589|PXD000759|PXD000895|PXD000999|PXD001061|PXD001249|PXD001258|PXD001333|PXD001374|PXD001381|PXD001426|PXD001441|PXD001660|PXD002252|PXD002277|PXD002395|PXD002815|PXD002880|PXD002987|PXD003209|PXD003370|PXD003530|PXD003560|PXD003917|PXD004182|PXD004273|PXD004613|PXD004900|PXD004940|PXD005018|PXD005181|PXD005366|PXD005509|PXD005712|PXD006112
30175587,Re-analysis,PRD000525|PRD000526|PRD000527|PXD000212|PXD000243|PXD000396|PXD000589|PXD000759|PXD000895|PXD000999|PXD001061|PXD001249|PXD001258|PXD001333|PXD001374|PXD001381|PXD001426|PXD001441|PXD001660|PXD002252|PXD002277|PXD002395|PXD002815|PXD002880|PXD002987|PXD003209|PXD003370|PXD003530|PXD003560|PXD003917|PXD004182|PXD004273|PXD004613|PXD004900|PXD004940|PXD005018|PXD005181|PXD005366|PXD005509|PXD005712|PXD006112
30175587,Re-analysis,PRD000525|PRD000526|PRD000527|PXD000212|PXD000243|PXD000396|PXD000589|PXD000759|PXD000895|PXD000999|PXD001061|PXD001249|PXD001258|PXD001333|PXD001374|PXD001381|PXD001426|PXD001441|PXD001660|PXD002252|PXD002277|PXD002395|PXD002815|PXD002880|PXD002987|PXD003209|PXD003370|PXD003530|PXD003560|PXD003917|PXD004182|PXD004273|PXD004613|PXD004900|PXD004940|PXD005018|PXD005181|PXD005366|PXD005509|PXD005712|PXD006112
30175587,Re-analysis,PRD000525|PRD000526|PRD000527|PXD000212|PXD000243|PXD000396|PXD000589|PXD000759|PXD000895|PXD000999|PXD001061|PXD001249|PXD001258|PXD001333|PXD001374|PXD001381|PXD001426|PXD001441|PXD001660|PXD002252|PXD002277|PXD002395|PXD002815|PXD002880|PXD002987|PXD003209|PXD003370|PXD003530|PXD003560|PXD003917|PXD004182|PXD004273|PXD004613|PXD004900|PXD004940|PXD005018|PXD005181|PXD005366|PXD005509|PXD005712|PXD006112
30175587,Re-analysis,PRD000525|PRD000526|PRD000527|PXD000212|PXD000243|PXD000396|PXD000589|PXD000759|PXD000895|PXD000999|PXD001061|PXD001249|PXD001258|PXD001333|PXD001374|PXD001381|PXD001426|PXD001441|PXD001660|PXD002252|PXD002277|PXD002395|PXD002815|PXD002880|PXD002987|PXD003209|PXD003370|PXD003530|PXD003560|PXD003917|PXD004182|PXD004273|PXD004613|PXD004900|PXD004940|PXD005018|PXD005181|PXD005366|PXD005509|PXD005712|PXD006112
30175587,Re-analysis,PRD000525|PRD000526|PRD000527|PXD000212|PXD000243|PXD000396|PXD000589|PXD000759|PXD000895|PXD000999|PXD001061|PXD001249|PXD001258|PXD001333|PXD001374|PXD001381|PXD001426|PXD001441|PXD001660|PXD002252|PXD002277|PXD002395|PXD002815|PXD002880|PXD002987|PXD003209|PXD003370|PXD003530|PXD003560|PXD003917|PXD004182|PXD004273|PXD004613|PXD004900|PXD004940|PXD005018|PXD005181|PXD005366|PXD005509|PXD005712|PXD006112
30175587,Re-analysis,PRD000525|PRD000526|PRD000527|PXD000212|PXD000243|PXD000396|PXD000589|PXD000759|PXD000895|PXD000999|PXD001061|PXD001249|PXD001258|PXD001333|PXD001374|PXD001381|PXD001426|PXD001441|PXD001660|PXD002252|PXD002277|PXD002395|PXD002815|PXD002880|PXD002987|PXD003209|PXD003370|PXD003530|PXD003560|PXD003917|PXD004182|PXD004273|PXD004613|PXD004900|PXD004940|PXD005018|PXD005181|PXD005366|PXD005509|PXD005712|PXD006112
30175587,Re-analysis,PRD000525|PRD000526|PRD000527|PXD000212|PXD000243|PXD000396|PXD000589|PXD000759|PXD000895|PXD000999|PXD001061|PXD001249|PXD001258|PXD001333|PXD001374|PXD001381|PXD001426|PXD001441|PXD001660|PXD002252|PXD002277|PXD002395|PXD002815|PXD002880|PXD002987|PXD003209|PXD003370|PXD003530|PXD003560|PXD003917|PXD004182|PXD004273|PXD004613|PXD004900|PXD004940|PXD005018|PXD005181|PXD005366|PXD005509|PXD005712|PXD006112
30175587,Re-analysis,PRD000525|PRD000526|PRD000527|PXD000212|PXD000243|PXD000396|PXD000589|PXD000759|PXD000895|PXD000999|PXD001061|PXD001249|PXD001258|PXD001333|PXD001374|PXD001381|PXD001426|PXD001441|PXD001660|PXD002252|PXD002277|PXD002395|PXD002815|PXD002880|PXD002987|PXD003209|PXD003370|PXD003530|PXD003560|PXD003917|PXD004182|PXD004273|PXD004613|PXD004900|PXD004940|PXD005018|PXD005181|PXD005366|PXD005509|PXD005712|PXD006112
30175587,Re-analysis,PRD000525|PRD000526|PRD000527|PXD000212|PXD000243|PXD000396|PXD000589|PXD000759|PXD000895|PXD000999|PXD001061|PXD001249|PXD001258|PXD001333|PXD001374|PXD001381|PXD001426|PXD001441|PXD001660|PXD002252|PXD002277|PXD002395|PXD002815|PXD002880|PXD002987|PXD003209|PXD003370|PXD003530|PXD003560|PXD003917|PXD004182|PXD004273|PXD004613|PXD004900|PXD004940|PXD005018|PXD005181|PXD005366|PXD005509|PXD005712|PXD006112
30175587,Re-analysis,PRD000525|PRD000526|PRD000527|PXD000212|PXD000243|PXD000396|PXD000589|PXD000759|PXD000895|PXD000999|PXD001061|PXD001249|PXD001258|PXD001333|PXD001374|PXD001381|PXD001426|PXD001441|PXD001660|PXD002252|PXD002277|PXD002395|PXD002815|PXD002880|PXD002987|PXD003209|PXD003370|PXD003530|PXD003560|PXD003917|PXD004182|PXD004273|PXD004613|PXD004900|PXD004940|PXD005018|PXD005181|PXD005366|PXD005509|PXD005712|PXD006112
30175587,Re-analysis,PRD000525|PRD000526|PRD000527|PXD000212|PXD000243|PXD000396|PXD000589|PXD000759|PXD000895|PXD000999|PXD001061|PXD001249|PXD001258|PXD001333|PXD001374|PXD001381|PXD001426|PXD001441|PXD001660|PXD002252|PXD002277|PXD002395|PXD002815|PXD002880|PXD002987|PXD003209|PXD003370|PXD003530|PXD003560|PXD003917|PXD004182|PXD004273|PXD004613|PXD004900|PXD004940|PXD005018|PXD005181|PXD005366|PXD005509|PXD005712|PXD006112
30175587,Re-analysis,PRD000525|PRD000526|PRD000527|PXD000212|PXD000243|PXD000396|PXD000589|PXD000759|PXD000895|PXD000999|PXD001061|PXD001249|PXD001258|PXD001333|PXD001374|PXD001381|PXD001426|PXD001441|PXD001660|PXD002252|PXD002277|PXD002395|PXD002815|PXD002880|PXD002987|PXD003209|PXD003370|PXD003530|PXD003560|PXD003917|PXD004182|PXD004273|PXD004613|PXD004900|PXD004940|PXD005018|PXD005181|PXD005366|PXD005509|PXD005712|PXD006112
30175587,Re-analysis,PRD000525|PRD000526|PRD000527|PXD000212|PXD000243|PXD000396|PXD000589|PXD000759|PXD000895|PXD000999|PXD001061|PXD001249|PXD001258|PXD001333|PXD001374|PXD001381|PXD001426|PXD001441|PXD001660|PXD002252|PXD002277|PXD002395|PXD002815|PXD002880|PXD002987|PXD003209|PXD003370|PXD003530|PXD003560|PXD003917|PXD004182|PXD004273|PXD004613|PXD004900|PXD004940|PXD005018|PXD005181|PXD005366|PXD005509|PXD005712|PXD006112
30175587,Re-analysis,PRD000525|PRD000526|PRD000527|PXD000212|PXD000243|PXD000396|PXD000589|PXD000759|PXD000895|PXD000999|PXD001061|PXD001249|PXD001258|PXD001333|PXD001374|PXD001381|PXD001426|PXD001441|PXD001660|PXD002252|PXD002277|PXD002395|PXD002815|PXD002880|PXD002987|PXD003209|PXD003370|PXD003530|PXD003560|PXD003917|PXD004182|PXD004273|PXD004613|PXD004900|PXD004940|PXD005018|PXD005181|PXD005366|PXD005509|PXD005712|PXD006112
30175587,Re-analysis,PRD000525|PRD000526|PRD000527|PXD000212|PXD000243|PXD000396|PXD000589|PXD000759|PXD000895|PXD000999|PXD001061|PXD001249|PXD001258|PXD001333|PXD001374|PXD001381|PXD001426|PXD001441|PXD001660|PXD002252|PXD002277|PXD002395|PXD002815|PXD002880|PXD002987|PXD003209|PXD003370|PXD003530|PXD003560|PXD003917|PXD004182|PXD004273|PXD004613|PXD004900|PXD004940|PXD005018|PXD005181|PXD005366|PXD005509|PXD005712|PXD006112
30175587,Re-analysis,PRD000525|PRD000526|PRD000527|PXD000212|PXD000243|PXD000396|PXD000589|PXD000759|PXD000895|PXD000999|PXD001061|PXD001249|PXD001258|PXD001333|PXD001374|PXD001381|PXD001426|PXD001441|PXD001660|PXD002252|PXD002277|PXD002395|PXD002815|PXD002880|PXD002987|PXD003209|PXD003370|PXD003530|PXD003560|PXD003917|PXD004182|PXD004273|PXD004613|PXD004900|PXD004940|PXD005018|PXD005181|PXD005366|PXD005509|PXD005712|PXD006112
30175587,Re-analysis,PRD000525|PRD000526|PRD000527|PXD000212|PXD000243|PXD000396|PXD000589|PXD000759|PXD000895|PXD000999|PXD001061|PXD001249|PXD001258|PXD001333|PXD001374|PXD001381|PXD001426|PXD001441|PXD001660|PXD002252|PXD002277|PXD002395|PXD002815|PXD002880|PXD002987|PXD003209|PXD003370|PXD003530|PXD003560|PXD003917|PXD004182|PXD004273|PXD004613|PXD004900|PXD004940|PXD005018|PXD005181|PXD005366|PXD005509|PXD005712|PXD006112
30175587,Re-analysis,PRD000525|PRD000526|PRD000527|PXD000212|PXD000243|PXD000396|PXD000589|PXD000759|PXD000895|PXD000999|PXD001061|PXD001249|PXD001258|PXD001333|PXD001374|PXD001381|PXD001426|PXD001441|PXD001660|PXD002252|PXD002277|PXD002395|PXD002815|PXD002880|PXD002987|PXD003209|PXD003370|PXD003530|PXD003560|PXD003917|PXD004182|PXD004273|PXD004613|PXD004900|PXD004940|PXD005018|PXD005181|PXD005366|PXD005509|PXD005712|PXD006112
30175587,Re-analysis,PRD000525|PRD000526|PRD000527|PXD000212|PXD000243|PXD000396|PXD000589|PXD000759|PXD000895|PXD000999|PXD001061|PXD001249|PXD001258|PXD001333|PXD001374|PXD001381|PXD001426|PXD001441|PXD001660|PXD002252|PXD002277|PXD002395|PXD002815|PXD002880|PXD002987|PXD003209|PXD003370|PXD003530|PXD003560|PXD003917|PXD004182|PXD004273|PXD004613|PXD004900|PXD004940|PXD005018|PXD005181|PXD005366|PXD005509|PXD005712|PXD006112
30175587,Re-analysis,PRD000525|PRD000526|PRD000527|PXD000212|PXD000243|PXD000396|PXD000589|PXD000759|PXD000895|PXD000999|PXD001061|PXD001249|PXD001258|PXD001333|PXD001374|PXD001381|PXD001426|PXD001441|PXD001660|PXD002252|PXD002277|PXD002395|PXD002815|PXD002880|PXD002987|PXD003209|PXD003370|PXD003530|PXD003560|PXD003917|PXD004182|PXD004273|PXD004613|PXD004900|PXD004940|PXD005018|PXD005181|PXD005366|PXD005509|PXD005712|PXD006112
30175587,Re-analysis,PRD000525|PRD000526|PRD000527|PXD000212|PXD000243|PXD000396|PXD000589|PXD000759|PXD000895|PXD000999|PXD001061|PXD001249|PXD001258|PXD001333|PXD001374|PXD001381|PXD001426|PXD001441|PXD001660|PXD002252|PXD002277|PXD002395|PXD002815|PXD002880|PXD002987|PXD003209|PXD003370|PXD003530|PXD003560|PXD003917|PXD004182|PXD004273|PXD004613|PXD004900|PXD004940|PXD005018|PXD005181|PXD005366|PXD005509|PXD005712|PXD006112
30175587,Re-analysis,PRD000525|PRD000526|PRD000527|PXD000212|PXD000243|PXD000396|PXD000589|PXD000759|PXD000895|PXD000999|PXD001061|PXD001249|PXD001258|PXD001333|PXD001374|PXD001381|PXD001426|PXD001441|PXD001660|PXD002252|PXD002277|PXD002395|PXD002815|PXD002880|PXD002987|PXD003209|PXD003370|PXD003530|PXD003560|PXD003917|PXD004182|PXD004273|PXD004613|PXD004900|PXD004940|PXD005018|PXD005181|PXD005366|PXD005509|PXD005712|PXD006112
30175587,Re-analysis,PRD000525|PRD000526|PRD000527|PXD000212|PXD000243|PXD000396|PXD000589|PXD000759|PXD000895|PXD000999|PXD001061|PXD001249|PXD001258|PXD001333|PXD001374|PXD001381|PXD001426|PXD001441|PXD001660|PXD002252|PXD002277|PXD002395|PXD002815|PXD002880|PXD002987|PXD003209|PXD003370|PXD003530|PXD003560|PXD003917|PXD004182|PXD004273|PXD004613|PXD004900|PXD004940|PXD005018|PXD005181|PXD005366|PXD005509|PXD005712|PXD006112
30175587,Re-analysis,PRD000525|PRD000526|PRD000527|PXD000212|PXD000243|PXD000396|PXD000589|PXD000759|PXD000895|PXD000999|PXD001061|PXD001249|PXD001258|PXD001333|PXD001374|PXD001381|PXD001426|PXD001441|PXD001660|PXD002252|PXD002277|PXD002395|PXD002815|PXD002880|PXD002987|PXD003209|PXD003370|PXD003530|PXD003560|PXD003917|PXD004182|PXD004273|PXD004613|PXD004900|PXD004940|PXD005018|PXD005181|PXD005366|PXD005509|PXD005712|PXD006112
30175587,Re-analysis,PRD000525|PRD000526|PRD000527|PXD000212|PXD000243|PXD000396|PXD000589|PXD000759|PXD000895|PXD000999|PXD001061|PXD001249|PXD001258|PXD001333|PXD001374|PXD001381|PXD001426|PXD001441|PXD001660|PXD002252|PXD002277|PXD002395|PXD002815|PXD002880|PXD002987|PXD003209|PXD003370|PXD003530|PXD003560|PXD003917|PXD004182|PXD004273|PXD004613|PXD004900|PXD004940|PXD005018|PXD005181|PXD005366|PXD005509|PXD005712|PXD006112
30175587,Re-analysis,PRD000525|PRD000526|PRD000527|PXD000212|PXD000243|PXD000396|PXD000589|PXD000759|PXD000895|PXD000999|PXD001061|PXD001249|PXD001258|PXD001333|PXD001374|PXD001381|PXD001426|PXD001441|PXD001660|PXD002252|PXD002277|PXD002395|PXD002815|PXD002880|PXD002987|PXD003209|PXD003370|PXD003530|PXD003560|PXD003917|PXD004182|PXD004273|PXD004613|PXD004900|PXD004940|PXD005018|PXD005181|PXD005366|PXD005509|PXD005712|PXD006112
30175587,Re-analysis,PRD000525|PRD000526|PRD000527|PXD000212|PXD000243|PXD000396|PXD000589|PXD000759|PXD000895|PXD000999|PXD001061|PXD001249|PXD001258|PXD001333|PXD001374|PXD001381|PXD001426|PXD001441|PXD001660|PXD002252|PXD002277|PXD002395|PXD002815|PXD002880|PXD002987|PXD003209|PXD003370|PXD003530|PXD003560|PXD003917|PXD004182|PXD004273|PXD004613|PXD004900|PXD004940|PXD005018|PXD005181|PXD005366|PXD005509|PXD005712|PXD006112
30175587,Re-analysis,PRD000525|PRD000526|PRD000527|PXD000212|PXD000243|PXD000396|PXD000589|PXD000759|PXD000895|PXD000999|PXD001061|PXD001249|PXD001258|PXD001333|PXD001374|PXD001381|PXD001426|PXD001441|PXD001660|PXD002252|PXD002277|PXD002395|PXD002815|PXD002880|PXD002987|PXD003209|PXD003370|PXD003530|PXD003560|PXD003917|PXD004182|PXD004273|PXD004613|PXD004900|PXD004940|PXD005018|PXD005181|PXD005366|PXD005509|PXD005712|PXD006112
30175587,Re-analysis,PRD000525|PRD000526|PRD000527|PXD000212|PXD000243|PXD000396|PXD000589|PXD000759|PXD000895|PXD000999|PXD001061|PXD001249|PXD001258|PXD001333|PXD001374|PXD001381|PXD001426|PXD001441|PXD001660|PXD002252|PXD002277|PXD002395|PXD002815|PXD002880|PXD002987|PXD003209|PXD003370|PXD003530|PXD003560|PXD003917|PXD004182|PXD004273|PXD004613|PXD004900|PXD004940|PXD005018|PXD005181|PXD005366|PXD005509|PXD005712|PXD006112
30175587,Re-analysis,PRD000525|PRD000526|PRD000527|PXD000212|PXD000243|PXD000396|PXD000589|PXD000759|PXD000895|PXD000999|PXD001061|PXD001249|PXD001258|PXD001333|PXD001374|PXD001381|PXD001426|PXD001441|PXD001660|PXD002252|PXD002277|PXD002395|PXD002815|PXD002880|PXD002987|PXD003209|PXD003370|PXD003530|PXD003560|PXD003917|PXD004182|PXD004273|PXD004613|PXD004900|PXD004940|PXD005018|PXD005181|PXD005366|PXD005509|PXD005712|PXD006112
30175587,Re-analysis,PRD000525|PRD000526|PRD000527|PXD000212|PXD000243|PXD000396|PXD000589|PXD000759|PXD000895|PXD000999|PXD001061|PXD001249|PXD001258|PXD001333|PXD001374|PXD001381|PXD001426|PXD001441|PXD001660|PXD002252|PXD002277|PXD002395|PXD002815|PXD002880|PXD002987|PXD003209|PXD003370|PXD003530|PXD003560|PXD003917|PXD004182|PXD004273|PXD004613|PXD004900|PXD004940|PXD005018|PXD005181|PXD005366|PXD005509|PXD005712|PXD006112
30175587,Re-analysis,PRD000525|PRD000526|PRD000527|PXD000212|PXD000243|PXD000396|PXD000589|PXD000759|PXD000895|PXD000999|PXD001061|PXD001249|PXD001258|PXD001333|PXD001374|PXD001381|PXD001426|PXD001441|PXD001660|PXD002252|PXD002277|PXD002395|PXD002815|PXD002880|PXD002987|PXD003209|PXD003370|PXD003530|PXD003560|PXD003917|PXD004182|PXD004273|PXD004613|PXD004900|PXD004940|PXD005018|PXD005181|PXD005366|PXD005509|PXD005712|PXD006112
30175587,Re-analysis,PRD000525|PRD000526|PRD000527|PXD000212|PXD000243|PXD000396|PXD000589|PXD000759|PXD000895|PXD000999|PXD001061|PXD001249|PXD001258|PXD001333|PXD001374|PXD001381|PXD001426|PXD001441|PXD001660|PXD002252|PXD002277|PXD002395|PXD002815|PXD002880|PXD002987|PXD003209|PXD003370|PXD003530|PXD003560|PXD003917|PXD004182|PXD004273|PXD004613|PXD004900|PXD004940|PXD005018|PXD005181|PXD005366|PXD005509|PXD005712|PXD006112
30175587,Re-analysis,PRD000525|PRD000526|PRD000527|PXD000212|PXD000243|PXD000396|PXD000589|PXD000759|PXD000895|PXD000999|PXD001061|PXD001249|PXD001258|PXD001333|PXD001374|PXD001381|PXD001426|PXD001441|PXD001660|PXD002252|PXD002277|PXD002395|PXD002815|PXD002880|PXD002987|PXD003209|PXD003370|PXD003530|PXD003560|PXD003917|PXD004182|PXD004273|PXD004613|PXD004900|PXD004940|PXD005018|PXD005181|PXD005366|PXD005509|PXD005712|PXD006112
24270047,Benchmarking,PRD000603
25354770,Re-analysis|proteogenomics,PRD000813
30942071,Benchmarking,PXD000001
27003708,Benchmarking,PXD000001
27630248,Re-analysis|proteogenomics,PXD000054
24692640,Re-use,PXD000065|PXD000134
24692640,Re-use,PXD000065|PXD000134
28965411,Re-analysis,PXD000067|PXD000561|PXD002179|PXD003947
28965411,Re-analysis,PXD000067|PXD000561|PXD002179|PXD003947
28965411,Re-analysis,PXD000067|PXD000561|PXD002179|PXD003947
28965411,Re-analysis,PXD000067|PXD000561|PXD002179|PXD003947
28898539,Re-analysis|proteogenomics,PXD000123
28573858,Benchmarking,PXD000124
27399812,Benchmarking,PXD000138
27306858,Re-use,PXD000138
26999449,Benchmarking,PXD000172
27222040,Re-analysis|proteogenomics,PXD000263
30293062,Re-analysis|proteogenomics,PXD000265|PXD000313|PXD000923|PXD001030|PXD001058|PXD002291|PXD002739|PXD002740|PXD003156
30293062,Re-analysis|proteogenomics,PXD000265|PXD000313|PXD000923|PXD001030|PXD001058|PXD002291|PXD002739|PXD002740|PXD003156
30293062,Re-analysis|proteogenomics,PXD000265|PXD000313|PXD000923|PXD001030|PXD001058|PXD002291|PXD002739|PXD002740|PXD003156
30293062,Re-analysis|proteogenomics,PXD000265|PXD000313|PXD000923|PXD001030|PXD001058|PXD002291|PXD002739|PXD002740|PXD003156
30293062,Re-analysis|proteogenomics,PXD000265|PXD000313|PXD000923|PXD001030|PXD001058|PXD002291|PXD002739|PXD002740|PXD003156
30293062,Re-analysis|proteogenomics,PXD000265|PXD000313|PXD000923|PXD001030|PXD001058|PXD002291|PXD002739|PXD002740|PXD003156
30293062,Re-analysis|proteogenomics,PXD000265|PXD000313|PXD000923|PXD001030|PXD001058|PXD002291|PXD002739|PXD002740|PXD003156
30293062,Re-analysis|proteogenomics,PXD000265|PXD000313|PXD000923|PXD001030|PXD001058|PXD002291|PXD002739|PXD002740|PXD003156
30293062,Re-analysis|proteogenomics,PXD000265|PXD000313|PXD000923|PXD001030|PXD001058|PXD002291|PXD002739|PXD002740|PXD003156
31353208,Re-analysis|,PXD000269|PXD000138
31353208,Re-analysis|,PXD000269|PXD000138
26709623,Benchmarking,PXD000278
27821049,Re-analysis,PXD000279
27797532,Benchmarking,PXD000279
31657565,Benchmarking,PXD000279|PXD002057
31657565,Benchmarking,PXD000279|PXD002057
24791991,Re-use,PXD000283
31690884,Re-analysis|new resource|Re-purposing,PXD000309|PXD000151|PXD000438|PXD000359|PXD000419|PXD000089|PXD000537|PXD000058|PXD000328|PXD000441|PXD000183|PXD001406|PXD000597|PXD001194
31690884,Re-analysis|new resource|Re-purposing,PXD000309|PXD000151|PXD000438|PXD000359|PXD000419|PXD000089|PXD000537|PXD000058|PXD000328|PXD000441|PXD000183|PXD001406|PXD000597|PXD001194
31690884,Re-analysis|new resource|Re-purposing,PXD000309|PXD000151|PXD000438|PXD000359|PXD000419|PXD000089|PXD000537|PXD000058|PXD000328|PXD000441|PXD000183|PXD001406|PXD000597|PXD001194
31690884,Re-analysis|new resource|Re-purposing,PXD000309|PXD000151|PXD000438|PXD000359|PXD000419|PXD000089|PXD000537|PXD000058|PXD000328|PXD000441|PXD000183|PXD001406|PXD000597|PXD001194
31690884,Re-analysis|new resource|Re-purposing,PXD000309|PXD000151|PXD000438|PXD000359|PXD000419|PXD000089|PXD000537|PXD000058|PXD000328|PXD000441|PXD000183|PXD001406|PXD000597|PXD001194
31690884,Re-analysis|new resource|Re-purposing,PXD000309|PXD000151|PXD000438|PXD000359|PXD000419|PXD000089|PXD000537|PXD000058|PXD000328|PXD000441|PXD000183|PXD001406|PXD000597|PXD001194
31690884,Re-analysis|new resource|Re-purposing,PXD000309|PXD000151|PXD000438|PXD000359|PXD000419|PXD000089|PXD000537|PXD000058|PXD000328|PXD000441|PXD000183|PXD001406|PXD000597|PXD001194
31690884,Re-analysis|new resource|Re-purposing,PXD000309|PXD000151|PXD000438|PXD000359|PXD000419|PXD000089|PXD000537|PXD000058|PXD000328|PXD000441|PXD000183|PXD001406|PXD000597|PXD001194
31690884,Re-analysis|new resource|Re-purposing,PXD000309|PXD000151|PXD000438|PXD000359|PXD000419|PXD000089|PXD000537|PXD000058|PXD000328|PXD000441|PXD000183|PXD001406|PXD000597|PXD001194
31690884,Re-analysis|new resource|Re-purposing,PXD000309|PXD000151|PXD000438|PXD000359|PXD000419|PXD000089|PXD000537|PXD000058|PXD000328|PXD000441|PXD000183|PXD001406|PXD000597|PXD001194
31690884,Re-analysis|new resource|Re-purposing,PXD000309|PXD000151|PXD000438|PXD000359|PXD000419|PXD000089|PXD000537|PXD000058|PXD000328|PXD000441|PXD000183|PXD001406|PXD000597|PXD001194
31690884,Re-analysis|new resource|Re-purposing,PXD000309|PXD000151|PXD000438|PXD000359|PXD000419|PXD000089|PXD000537|PXD000058|PXD000328|PXD000441|PXD000183|PXD001406|PXD000597|PXD001194
31690884,Re-analysis|new resource|Re-purposing,PXD000309|PXD000151|PXD000438|PXD000359|PXD000419|PXD000089|PXD000537|PXD000058|PXD000328|PXD000441|PXD000183|PXD001406|PXD000597|PXD001194
31690884,Re-analysis|new resource|Re-purposing,PXD000309|PXD000151|PXD000438|PXD000359|PXD000419|PXD000089|PXD000537|PXD000058|PXD000328|PXD000441|PXD000183|PXD001406|PXD000597|PXD001194
26893027,Benchmarking,PXD000325
28299940,Benchmarking,PXD000331|PXD000602|PXD001819
28299940,Benchmarking,PXD000331|PXD000602|PXD001819
28299940,Benchmarking,PXD000331|PXD000602|PXD001819
27571551,Re-analysis,PXD000380|PXD001415|PXD001416|PXD001417|PXD001418|PXD001419|PXD001420|PXD001421|PXD001422|PXD001423
27571551,Re-analysis,PXD000380|PXD001415|PXD001416|PXD001417|PXD001418|PXD001419|PXD001420|PXD001421|PXD001422|PXD001423
27571551,Re-analysis,PXD000380|PXD001415|PXD001416|PXD001417|PXD001418|PXD001419|PXD001420|PXD001421|PXD001422|PXD001423
27571551,Re-analysis,PXD000380|PXD001415|PXD001416|PXD001417|PXD001418|PXD001419|PXD001420|PXD001421|PXD001422|PXD001423
27571551,Re-analysis,PXD000380|PXD001415|PXD001416|PXD001417|PXD001418|PXD001419|PXD001420|PXD001421|PXD001422|PXD001423
27571551,Re-analysis,PXD000380|PXD001415|PXD001416|PXD001417|PXD001418|PXD001419|PXD001420|PXD001421|PXD001422|PXD001423
27571551,Re-analysis,PXD000380|PXD001415|PXD001416|PXD001417|PXD001418|PXD001419|PXD001420|PXD001421|PXD001422|PXD001423
27571551,Re-analysis,PXD000380|PXD001415|PXD001416|PXD001417|PXD001418|PXD001419|PXD001420|PXD001421|PXD001422|PXD001423
27571551,Re-analysis,PXD000380|PXD001415|PXD001416|PXD001417|PXD001418|PXD001419|PXD001420|PXD001421|PXD001422|PXD001423
27571551,Re-analysis,PXD000380|PXD001415|PXD001416|PXD001417|PXD001418|PXD001419|PXD001420|PXD001421|PXD001422|PXD001423
29529017,Re-analysis,PXD000394
30346791,Benchmarking,PXD000394|PXD004746
30346791,Benchmarking,PXD000394|PXD004746
26743026,Benchmarking,PXD000409
30483279,Machine-Learning|Re-analysis,PXD000409|PXD002694|PXD004028|PXD005041|PXD006257|PXD005795
30483279,Machine-Learning|Re-analysis,PXD000409|PXD002694|PXD004028|PXD005041|PXD006257|PXD005795
30483279,Machine-Learning|Re-analysis,PXD000409|PXD002694|PXD004028|PXD005041|PXD006257|PXD005795
30483279,Machine-Learning|Re-analysis,PXD000409|PXD002694|PXD004028|PXD005041|PXD006257|PXD005795
30483279,Machine-Learning|Re-analysis,PXD000409|PXD002694|PXD004028|PXD005041|PXD006257|PXD005795
30483279,Machine-Learning|Re-analysis,PXD000409|PXD002694|PXD004028|PXD005041|PXD006257|PXD005795
28723574,Re-analysis,PXD000415|PXD000593|PXD001383|PXD002462
28723574,Re-analysis,PXD000415|PXD000593|PXD001383|PXD002462
28723574,Re-analysis,PXD000415|PXD000593|PXD001383|PXD002462
28723574,Re-analysis,PXD000415|PXD000593|PXD001383|PXD002462
27898063,Benchmarking,PXD000426
26653327,Re-use,PXD000427
27725737,Re-analysis|proteogenomics,PXD000458|PXD002528
27725737,Re-analysis|proteogenomics,PXD000458|PXD002528
28130873,Re-analysis|proteogenomics,PXD000478
30525654,Benchmarking,PXD000497|PXD000293
30525654,Benchmarking,PXD000497|PXD000293
28965417,Benchmarking,PXD000529|PXD000533|PXD000535 
28965417,Benchmarking,PXD000529|PXD000533|PXD000535 
28965417,Benchmarking,PXD000529|PXD000533|PXD000535 
30985146,Re-analysis,PXD000529|PXD000533|PXD000561|PXD000612|PXD000865| PXD003947
30985146,Re-analysis,PXD000529|PXD000533|PXD000561|PXD000612|PXD000865| PXD003947
30985146,Re-analysis,PXD000529|PXD000533|PXD000561|PXD000612|PXD000865| PXD003947
30985146,Re-analysis,PXD000529|PXD000533|PXD000561|PXD000612|PXD000865| PXD003947
30985146,Re-analysis,PXD000529|PXD000533|PXD000561|PXD000612|PXD000865| PXD003947
30985146,Re-analysis,PXD000529|PXD000533|PXD000561|PXD000612|PXD000865| PXD003947
30265008,Benchmarking,PXD000529|PXD000533|PXD004452
30265008,Benchmarking,PXD000529|PXD000533|PXD004452
30265008,Benchmarking,PXD000529|PXD000533|PXD004452
31448616,Benchmarking|Re-analysis,PXD000561
29607643,Benchmarking,PXD000561
28043971,Re-analysis|metaanalysis,PXD000561
27572102,Benchmarking,PXD000561
27250503,Re-analysis|proteogenomics,PXD000561
26653734,Re-analysis|metaanalysis,PXD000561
31407580,Benchmarking,PXD000561|PXD000865
31407580,Benchmarking,PXD000561|PXD000865
25404128,Re-analysis,PXD000561|PXD000865
25404128,Re-analysis,PXD000561|PXD000865
28582591,Benchmarking,PXD000561|PXD000865 
28582591,Benchmarking,PXD000561|PXD000865 
31444383,Re-analysis|proteogenomics,PXD000561|PXD002395|PXD002080|PXD004132| PXD001194
31444383,Re-analysis|proteogenomics,PXD000561|PXD002395|PXD002080|PXD004132| PXD001194
31444383,Re-analysis|proteogenomics,PXD000561|PXD002395|PXD002080|PXD004132| PXD001194
31444383,Re-analysis|proteogenomics,PXD000561|PXD002395|PXD002080|PXD004132| PXD001194
31444383,Re-analysis|proteogenomics,PXD000561|PXD002395|PXD002080|PXD004132| PXD001194
31537640,Proteogenomics,PXD000561|PXD002967
31537640,Proteogenomics,PXD000561|PXD002967
30962452,Re-analysis,PXD000561|PXD006291
30962452,Re-analysis,PXD000561|PXD006291
27498275,Re-use,PXD000603
27498275,Benchmarking,PXD000603|PXD001118
27498275,Benchmarking,PXD000603|PXD001118
27990826,Benchmarking,PXD000603|PXD003957
27990826,Benchmarking,PXD000603|PXD003957
27018578,Re-analysis,PXD000612|PXD000293
27018578,Re-analysis,PXD000612|PXD000293
30936560,Re-analysis,PXD000612|PXD000561
30936560,Re-analysis,PXD000612|PXD000561
31031010,meta-analysis,PXD000672|PXD000419|PXD001406|PXD003266|PXD002801|PXD005235
31031010,meta-analysis,PXD000672|PXD000419|PXD001406|PXD003266|PXD002801|PXD005235
31031010,meta-analysis,PXD000672|PXD000419|PXD001406|PXD003266|PXD002801|PXD005235
31031010,meta-analysis,PXD000672|PXD000419|PXD001406|PXD003266|PXD002801|PXD005235
31031010,meta-analysis,PXD000672|PXD000419|PXD001406|PXD003266|PXD002801|PXD005235
31031010,meta-analysis,PXD000672|PXD000419|PXD001406|PXD003266|PXD002801|PXD005235
29281288,Benchmarking,PXD000695
26330117,Benchmarking,PXD000754
28369237,Benchmarking,PXD000790|PXD002726|PXD000674|PXD001077
28369237,Benchmarking,PXD000790|PXD002726|PXD000674|PXD001077
28369237,Benchmarking,PXD000790|PXD002726|PXD000674|PXD001077
28369237,Benchmarking,PXD000790|PXD002726|PXD000674|PXD001077
31095856,Benchmarking,PXD000867
29967062,Re-analysis,PXD000867|PXD001250|PXD000672|PXD002619|PXD002137
29967062,Re-analysis,PXD000867|PXD001250|PXD000672|PXD002619|PXD002137
29967062,Re-analysis,PXD000867|PXD001250|PXD000672|PXD002619|PXD002137
29967062,Re-analysis,PXD000867|PXD001250|PXD000672|PXD002619|PXD002137
29967062,Re-analysis,PXD000867|PXD001250|PXD000672|PXD002619|PXD002137
28905631,Benchmarking,PXD000900|PXD001695
28905631,Benchmarking,PXD000900|PXD001695
31028400,Machine-Learning,PXD000954|PXD008034|PXD001587|PXD009495|PXD001189
31028400,Machine-Learning,PXD000954|PXD008034|PXD001587|PXD009495|PXD001189
31028400,Machine-Learning,PXD000954|PXD008034|PXD001587|PXD009495|PXD001189
31028400,Machine-Learning,PXD000954|PXD008034|PXD001587|PXD009495|PXD001189
31028400,Machine-Learning,PXD000954|PXD008034|PXD001587|PXD009495|PXD001189
28661496,Benchmarking,PXD000956
30106353,Re-analysis,PXD001071
28661493,Benchmarking,PXD001077|PXD000813
28661493,Benchmarking,PXD001077|PXD000813
30033731,Benchmarking,PXD001078|PXD003289|PXD004342|PXD003660|PXD001543|PXD002735|PXD000383|PXD000534|PXD004732
30033731,Benchmarking,PXD001078|PXD003289|PXD004342|PXD003660|PXD001543|PXD002735|PXD000383|PXD000534|PXD004732
30033731,Benchmarking,PXD001078|PXD003289|PXD004342|PXD003660|PXD001543|PXD002735|PXD000383|PXD000534|PXD004732
30033731,Benchmarking,PXD001078|PXD003289|PXD004342|PXD003660|PXD001543|PXD002735|PXD000383|PXD000534|PXD004732
30033731,Benchmarking,PXD001078|PXD003289|PXD004342|PXD003660|PXD001543|PXD002735|PXD000383|PXD000534|PXD004732
30033731,Benchmarking,PXD001078|PXD003289|PXD004342|PXD003660|PXD001543|PXD002735|PXD000383|PXD000534|PXD004732
30033731,Benchmarking,PXD001078|PXD003289|PXD004342|PXD003660|PXD001543|PXD002735|PXD000383|PXD000534|PXD004732
30033731,Benchmarking,PXD001078|PXD003289|PXD004342|PXD003660|PXD001543|PXD002735|PXD000383|PXD000534|PXD004732
30033731,Benchmarking,PXD001078|PXD003289|PXD004342|PXD003660|PXD001543|PXD002735|PXD000383|PXD000534|PXD004732
27224449,Benchmarking,PXD001091|PXD000999
27224449,Benchmarking,PXD001091|PXD000999
30277078,Benchmarking,PXD001091|PXD002037|PXD005590
30277078,Benchmarking,PXD001091|PXD002037|PXD005590
30277078,Benchmarking,PXD001091|PXD002037|PXD005590
26283093,Re-use,PXD001153
30099871,Re-analysis,PXD001194|PXD006482|PXD006465|PXD006471|PXD006833|PXD003431|PXD004352|PXD004927
30099871,Re-analysis,PXD001194|PXD006482|PXD006465|PXD006471|PXD006833|PXD003431|PXD004352|PXD004927
30099871,Re-analysis,PXD001194|PXD006482|PXD006465|PXD006471|PXD006833|PXD003431|PXD004352|PXD004927
30099871,Re-analysis,PXD001194|PXD006482|PXD006465|PXD006471|PXD006833|PXD003431|PXD004352|PXD004927
30099871,Re-analysis,PXD001194|PXD006482|PXD006465|PXD006471|PXD006833|PXD003431|PXD004352|PXD004927
30099871,Re-analysis,PXD001194|PXD006482|PXD006465|PXD006471|PXD006833|PXD003431|PXD004352|PXD004927
30099871,Re-analysis,PXD001194|PXD006482|PXD006465|PXD006471|PXD006833|PXD003431|PXD004352|PXD004927
30099871,Re-analysis,PXD001194|PXD006482|PXD006465|PXD006471|PXD006833|PXD003431|PXD004352|PXD004927
30511858,Benchmarking,PXD001197|PXD000561
30511858,Benchmarking,PXD001197|PXD000561
31576663,Re-analysis|proteogenomics,PXD001250|PXD003442|PXD004087|PXD005445|PXD009646|PXD004143
31576663,Re-analysis|proteogenomics,PXD001250|PXD003442|PXD004087|PXD005445|PXD009646|PXD004143
31576663,Re-analysis|proteogenomics,PXD001250|PXD003442|PXD004087|PXD005445|PXD009646|PXD004143
31576663,Re-analysis|proteogenomics,PXD001250|PXD003442|PXD004087|PXD005445|PXD009646|PXD004143
31576663,Re-analysis|proteogenomics,PXD001250|PXD003442|PXD004087|PXD005445|PXD009646|PXD004143
31576663,Re-analysis|proteogenomics,PXD001250|PXD003442|PXD004087|PXD005445|PXD009646|PXD004143
30108239,Re-use,PXD001406
28835372,Re-analysis,PXD001406
27851987,Re-analysis,PXD001415|PXD001416|PXD001417|PXD001418|PXD001419|PXD001420|PXD001421|PXD001422|PXD001423
27851987,Re-analysis,PXD001415|PXD001416|PXD001417|PXD001418|PXD001419|PXD001420|PXD001421|PXD001422|PXD001423
27851987,Re-analysis,PXD001415|PXD001416|PXD001417|PXD001418|PXD001419|PXD001420|PXD001421|PXD001422|PXD001423
27851987,Re-analysis,PXD001415|PXD001416|PXD001417|PXD001418|PXD001419|PXD001420|PXD001421|PXD001422|PXD001423
27851987,Re-analysis,PXD001415|PXD001416|PXD001417|PXD001418|PXD001419|PXD001420|PXD001421|PXD001422|PXD001423
27851987,Re-analysis,PXD001415|PXD001416|PXD001417|PXD001418|PXD001419|PXD001420|PXD001421|PXD001422|PXD001423
27851987,Re-analysis,PXD001415|PXD001416|PXD001417|PXD001418|PXD001419|PXD001420|PXD001421|PXD001422|PXD001423
27851987,Re-analysis,PXD001415|PXD001416|PXD001417|PXD001418|PXD001419|PXD001420|PXD001421|PXD001422|PXD001423
27851987,Re-analysis,PXD001415|PXD001416|PXD001417|PXD001418|PXD001419|PXD001420|PXD001421|PXD001422|PXD001423
28901143,Benchmarking,PXD001441
31552631,Benchmarking,PXD001468
31552627,Benchmarking,PXD001468
30523686,Benchmarking,PXD001468
28660767,Benchmarking,PXD001468
27571036,Re-analysis,PXD001468
28394336,Benchmarking,PXD001468|PXD000612|PXD000815|PXD000513
28394336,Benchmarking,PXD001468|PXD000612|PXD000815|PXD000513
28394336,Benchmarking,PXD001468|PXD000612|PXD000815|PXD000513
28394336,Benchmarking,PXD001468|PXD000612|PXD000815|PXD000513
30295672,Benchmarking,PXD001468|PXD001250|PXD000561
30295672,Benchmarking,PXD001468|PXD001250|PXD000561
30295672,Benchmarking,PXD001468|PXD001250|PXD000561
31365238,Benchmarking,PXD001468|PXD001543
31365238,Benchmarking,PXD001468|PXD001543
27581094,Re-analysis,PXD001468|PXD002367|PXD001242|PXD000754|PXD000605|PXD000004|PRD000269|PXD002145
27581094,Re-analysis,PXD001468|PXD002367|PXD001242|PXD000754|PXD000605|PXD000004|PRD000269|PXD002145
27581094,Re-analysis,PXD001468|PXD002367|PXD001242|PXD000754|PXD000605|PXD000004|PRD000269|PXD002145
27581094,Re-analysis,PXD001468|PXD002367|PXD001242|PXD000754|PXD000605|PXD000004|PRD000269|PXD002145
27581094,Re-analysis,PXD001468|PXD002367|PXD001242|PXD000754|PXD000605|PXD000004|PRD000269|PXD002145
27581094,Re-analysis,PXD001468|PXD002367|PXD001242|PXD000754|PXD000605|PXD000004|PRD000269|PXD002145
27581094,Re-analysis,PXD001468|PXD002367|PXD001242|PXD000754|PXD000605|PXD000004|PRD000269|PXD002145
27581094,Re-analysis,PXD001468|PXD002367|PXD001242|PXD000754|PXD000605|PXD000004|PRD000269|PXD002145
26566788,Benchmarking,PXD001584
30394759,Benchmarking,PXD001587
28315245,Re-use,PXD001643
30927528,Re-analysis,PXD001712|PXD000455
30927528,Re-analysis,PXD001712|PXD000455
28820946,Re-analysis|proteogenomics,PXD001722
29400476,Benchmarking,PXD001819
28452485,Benchmarking,PXD001819|PXD002395
28452485,Benchmarking,PXD001819|PXD002395
31097671,Benchmarking,PXD001819|PXD002882|PXD006129|PXD006224|PXD002885|PXD002099|PXD006336|PXD003972|PXD002952
31097671,Benchmarking,PXD001819|PXD002882|PXD006129|PXD006224|PXD002885|PXD002099|PXD006336|PXD003972|PXD002952
31097671,Benchmarking,PXD001819|PXD002882|PXD006129|PXD006224|PXD002885|PXD002099|PXD006336|PXD003972|PXD002952
31097671,Benchmarking,PXD001819|PXD002882|PXD006129|PXD006224|PXD002885|PXD002099|PXD006336|PXD003972|PXD002952
31097671,Benchmarking,PXD001819|PXD002882|PXD006129|PXD006224|PXD002885|PXD002099|PXD006336|PXD003972|PXD002952
31097671,Benchmarking,PXD001819|PXD002882|PXD006129|PXD006224|PXD002885|PXD002099|PXD006336|PXD003972|PXD002952
31097671,Benchmarking,PXD001819|PXD002882|PXD006129|PXD006224|PXD002885|PXD002099|PXD006336|PXD003972|PXD002952
31097671,Benchmarking,PXD001819|PXD002882|PXD006129|PXD006224|PXD002885|PXD002099|PXD006336|PXD003972|PXD002952
31097671,Benchmarking,PXD001819|PXD002882|PXD006129|PXD006224|PXD002885|PXD002099|PXD006336|PXD003972|PXD002952
30351950,Benchmarking,PXD001819|PXD003758
30351950,Benchmarking,PXD001819|PXD003758
25656266,Re-analysis,PXD002037
27927741,Re-analysis,PXD002041|PXD002042|PXD002043|PXD002043|PXD002044|PXD002045|PXD002046|PXD002047|PXD002048|PXD002049|PXD002050|PXD001608|PXD005274|PXD004249
27927741,Re-analysis,PXD002041|PXD002042|PXD002043|PXD002043|PXD002044|PXD002045|PXD002046|PXD002047|PXD002048|PXD002049|PXD002050|PXD001608|PXD005274|PXD004249
27927741,Re-analysis,PXD002041|PXD002042|PXD002043|PXD002043|PXD002044|PXD002045|PXD002046|PXD002047|PXD002048|PXD002049|PXD002050|PXD001608|PXD005274|PXD004249
27927741,Re-analysis,PXD002041|PXD002042|PXD002043|PXD002043|PXD002044|PXD002045|PXD002046|PXD002047|PXD002048|PXD002049|PXD002050|PXD001608|PXD005274|PXD004249
27927741,Re-analysis,PXD002041|PXD002042|PXD002043|PXD002043|PXD002044|PXD002045|PXD002046|PXD002047|PXD002048|PXD002049|PXD002050|PXD001608|PXD005274|PXD004249
27927741,Re-analysis,PXD002041|PXD002042|PXD002043|PXD002043|PXD002044|PXD002045|PXD002046|PXD002047|PXD002048|PXD002049|PXD002050|PXD001608|PXD005274|PXD004249
27927741,Re-analysis,PXD002041|PXD002042|PXD002043|PXD002043|PXD002044|PXD002045|PXD002046|PXD002047|PXD002048|PXD002049|PXD002050|PXD001608|PXD005274|PXD004249
27927741,Re-analysis,PXD002041|PXD002042|PXD002043|PXD002043|PXD002044|PXD002045|PXD002046|PXD002047|PXD002048|PXD002049|PXD002050|PXD001608|PXD005274|PXD004249
27927741,Re-analysis,PXD002041|PXD002042|PXD002043|PXD002043|PXD002044|PXD002045|PXD002046|PXD002047|PXD002048|PXD002049|PXD002050|PXD001608|PXD005274|PXD004249
27927741,Re-analysis,PXD002041|PXD002042|PXD002043|PXD002043|PXD002044|PXD002045|PXD002046|PXD002047|PXD002048|PXD002049|PXD002050|PXD001608|PXD005274|PXD004249
27927741,Re-analysis,PXD002041|PXD002042|PXD002043|PXD002043|PXD002044|PXD002045|PXD002046|PXD002047|PXD002048|PXD002049|PXD002050|PXD001608|PXD005274|PXD004249
27927741,Re-analysis,PXD002041|PXD002042|PXD002043|PXD002043|PXD002044|PXD002045|PXD002046|PXD002047|PXD002048|PXD002049|PXD002050|PXD001608|PXD005274|PXD004249
27927741,Re-analysis,PXD002041|PXD002042|PXD002043|PXD002043|PXD002044|PXD002045|PXD002046|PXD002047|PXD002048|PXD002049|PXD002050|PXD001608|PXD005274|PXD004249
27927741,Re-analysis,PXD002041|PXD002042|PXD002043|PXD002043|PXD002044|PXD002045|PXD002046|PXD002047|PXD002048|PXD002049|PXD002050|PXD001608|PXD005274|PXD004249
30714740,Benchmarking,PXD002053
31197323,Benchmarking - Metaproteomics,PXD002099|PXD001819|PXD006224|PXD002882|PXD006129|PXD006070|PXD003028|PXD000987|PXD005929|PXD006810
31197323,Benchmarking - Metaproteomics,PXD002099|PXD001819|PXD006224|PXD002882|PXD006129|PXD006070|PXD003028|PXD000987|PXD005929|PXD006810
31197323,Benchmarking - Metaproteomics,PXD002099|PXD001819|PXD006224|PXD002882|PXD006129|PXD006070|PXD003028|PXD000987|PXD005929|PXD006810
31197323,Benchmarking - Metaproteomics,PXD002099|PXD001819|PXD006224|PXD002882|PXD006129|PXD006070|PXD003028|PXD000987|PXD005929|PXD006810
31197323,Benchmarking - Metaproteomics,PXD002099|PXD001819|PXD006224|PXD002882|PXD006129|PXD006070|PXD003028|PXD000987|PXD005929|PXD006810
31197323,Benchmarking - Metaproteomics,PXD002099|PXD001819|PXD006224|PXD002882|PXD006129|PXD006070|PXD003028|PXD000987|PXD005929|PXD006810
31197323,Benchmarking - Metaproteomics,PXD002099|PXD001819|PXD006224|PXD002882|PXD006129|PXD006070|PXD003028|PXD000987|PXD005929|PXD006810
31197323,Benchmarking - Metaproteomics,PXD002099|PXD001819|PXD006224|PXD002882|PXD006129|PXD006070|PXD003028|PXD000987|PXD005929|PXD006810
31197323,Benchmarking - Metaproteomics,PXD002099|PXD001819|PXD006224|PXD002882|PXD006129|PXD006070|PXD003028|PXD000987|PXD005929|PXD006810
31197323,Benchmarking - Metaproteomics,PXD002099|PXD001819|PXD006224|PXD002882|PXD006129|PXD006070|PXD003028|PXD000987|PXD005929|PXD006810
27642655,Benchmarking,PXD002142|PXD001538|PXD001538
27642655,Benchmarking,PXD002142|PXD001538|PXD001538
27642655,Benchmarking,PXD002142|PXD001538|PXD001538
26719564,Re-use,PXD002142|PXD001835|PXD001454 
26719564,Re-use,PXD002142|PXD001835|PXD001454 
26719564,Re-use,PXD002142|PXD001835|PXD001454 
29057651,Benchmarking,PXD002151|PXD002857
29057651,Benchmarking,PXD002151|PXD002857
27786492,Re-analysis|proteogenomics,PXD002179
30277077,Benchmarking,PXD002179|PXD004120|PXD004424|PXD004948|PXD004467|PXD004947|PXD004565|PXD004325
30277077,Benchmarking,PXD002179|PXD004120|PXD004424|PXD004948|PXD004467|PXD004947|PXD004565|PXD004325
30277077,Benchmarking,PXD002179|PXD004120|PXD004424|PXD004948|PXD004467|PXD004947|PXD004565|PXD004325
30277077,Benchmarking,PXD002179|PXD004120|PXD004424|PXD004948|PXD004467|PXD004947|PXD004565|PXD004325
30277077,Benchmarking,PXD002179|PXD004120|PXD004424|PXD004948|PXD004467|PXD004947|PXD004565|PXD004325
30277077,Benchmarking,PXD002179|PXD004120|PXD004424|PXD004948|PXD004467|PXD004947|PXD004565|PXD004325
30277077,Benchmarking,PXD002179|PXD004120|PXD004424|PXD004948|PXD004467|PXD004947|PXD004565|PXD004325
30277077,Benchmarking,PXD002179|PXD004120|PXD004424|PXD004948|PXD004467|PXD004947|PXD004565|PXD004325
29654922,Re-analysis|metaanalysis,PXD002222|PXD000923|PXD000033|PXD000421
29654922,Re-analysis|metaanalysis,PXD002222|PXD000923|PXD000033|PXD000421
29654922,Re-analysis|metaanalysis,PXD002222|PXD000923|PXD000033|PXD000421
29654922,Re-analysis|metaanalysis,PXD002222|PXD000923|PXD000033|PXD000421
28596423,Re-analysis|metaanalysis,PXD002319|PXD002320|PXD002321|PXD002322|PXD002323|PXD002324|PXD002325|PXD002326|PXD002327|PXD002328|PXD002815|PXD002829
28596423,Re-analysis|metaanalysis,PXD002319|PXD002320|PXD002321|PXD002322|PXD002323|PXD002324|PXD002325|PXD002326|PXD002327|PXD002328|PXD002815|PXD002829
28596423,Re-analysis|metaanalysis,PXD002319|PXD002320|PXD002321|PXD002322|PXD002323|PXD002324|PXD002325|PXD002326|PXD002327|PXD002328|PXD002815|PXD002829
28596423,Re-analysis|metaanalysis,PXD002319|PXD002320|PXD002321|PXD002322|PXD002323|PXD002324|PXD002325|PXD002326|PXD002327|PXD002328|PXD002815|PXD002829
28596423,Re-analysis|metaanalysis,PXD002319|PXD002320|PXD002321|PXD002322|PXD002323|PXD002324|PXD002325|PXD002326|PXD002327|PXD002328|PXD002815|PXD002829
28596423,Re-analysis|metaanalysis,PXD002319|PXD002320|PXD002321|PXD002322|PXD002323|PXD002324|PXD002325|PXD002326|PXD002327|PXD002328|PXD002815|PXD002829
28596423,Re-analysis|metaanalysis,PXD002319|PXD002320|PXD002321|PXD002322|PXD002323|PXD002324|PXD002325|PXD002326|PXD002327|PXD002328|PXD002815|PXD002829
28596423,Re-analysis|metaanalysis,PXD002319|PXD002320|PXD002321|PXD002322|PXD002323|PXD002324|PXD002325|PXD002326|PXD002327|PXD002328|PXD002815|PXD002829
28596423,Re-analysis|metaanalysis,PXD002319|PXD002320|PXD002321|PXD002322|PXD002323|PXD002324|PXD002325|PXD002326|PXD002327|PXD002328|PXD002815|PXD002829
28596423,Re-analysis|metaanalysis,PXD002319|PXD002320|PXD002321|PXD002322|PXD002323|PXD002324|PXD002325|PXD002326|PXD002327|PXD002328|PXD002815|PXD002829
28596423,Re-analysis|metaanalysis,PXD002319|PXD002320|PXD002321|PXD002322|PXD002323|PXD002324|PXD002325|PXD002326|PXD002327|PXD002328|PXD002815|PXD002829
28596423,Re-analysis|metaanalysis,PXD002319|PXD002320|PXD002321|PXD002322|PXD002323|PXD002324|PXD002325|PXD002326|PXD002327|PXD002328|PXD002815|PXD002829
26657557,Re-analysis|proteogenomics,PXD002389
31697861,Re-use,PXD002395
31474000,Benchmarking,PXD002395
31208993,Re-analysis|proteogenomics,PXD002395
30289715,Re-analysis|proteogenomics,PXD002395
28899994,Re-analysis,PXD002445|PXD002167|PXD002410|PXD002414
28899994,Re-analysis,PXD002445|PXD002167|PXD002410|PXD002414
28899994,Re-analysis,PXD002445|PXD002167|PXD002410|PXD002414
28899994,Re-analysis,PXD002445|PXD002167|PXD002410|PXD002414
26938934,Re-analysis,PXD002726|PXD000997|PXD000246|PRD000151
26938934,Re-analysis,PXD002726|PXD000997|PXD000246|PRD000151
26938934,Re-analysis,PXD002726|PXD000997|PXD000246|PRD000151
26938934,Re-analysis,PXD002726|PXD000997|PXD000246|PRD000151
30993040,Benchmarking - meta-analysis,PXD002761|PXD005022
30993040,Benchmarking - meta-analysis,PXD002761|PXD005022
31364354,Benchmarking,PXD002774|PXD004683|PXD001468
31364354,Benchmarking,PXD002774|PXD004683|PXD001468
31364354,Benchmarking,PXD002774|PXD004683|PXD001468
28263070,Benchmarking,PXD002854|PXD000307
28263070,Benchmarking,PXD002854|PXD000307
28152592,Benchmarking,PXD002885 
28516777,Benchmarking,PXD002896
30387297,Benchmarking,PXD002952
29608554,Benchmarking,PXD002952
29695160,Benchmarking,PXD003024
29146960,Re-analysis,PXD003028
28730805,Re-analysis|multi-omics integration,PXD003127
30362768,Benchmarking,PXD003179|PXD002952
30362768,Benchmarking,PXD003179|PXD002952
29057658,Benchmarking,PXD003198|PXD001550|PXD001333|PXD000612|PXD001374|PXD002422|PXD002927|PXD001792|PXD001585|PXD001844
29057658,Benchmarking,PXD003198|PXD001550|PXD001333|PXD000612|PXD001374|PXD002422|PXD002927|PXD001792|PXD001585|PXD001844
29057658,Benchmarking,PXD003198|PXD001550|PXD001333|PXD000612|PXD001374|PXD002422|PXD002927|PXD001792|PXD001585|PXD001844
29057658,Benchmarking,PXD003198|PXD001550|PXD001333|PXD000612|PXD001374|PXD002422|PXD002927|PXD001792|PXD001585|PXD001844
29057658,Benchmarking,PXD003198|PXD001550|PXD001333|PXD000612|PXD001374|PXD002422|PXD002927|PXD001792|PXD001585|PXD001844
29057658,Benchmarking,PXD003198|PXD001550|PXD001333|PXD000612|PXD001374|PXD002422|PXD002927|PXD001792|PXD001585|PXD001844
29057658,Benchmarking,PXD003198|PXD001550|PXD001333|PXD000612|PXD001374|PXD002422|PXD002927|PXD001792|PXD001585|PXD001844
29057658,Benchmarking,PXD003198|PXD001550|PXD001333|PXD000612|PXD001374|PXD002422|PXD002927|PXD001792|PXD001585|PXD001844
29057658,Benchmarking,PXD003198|PXD001550|PXD001333|PXD000612|PXD001374|PXD002422|PXD002927|PXD001792|PXD001585|PXD001844
29057658,Benchmarking,PXD003198|PXD001550|PXD001333|PXD000612|PXD001374|PXD002422|PXD002927|PXD001792|PXD001585|PXD001844
27667588,Re-use,PXD003425
30563850,Benchmarking,PXD003498|PXD008280
30563850,Benchmarking,PXD003498|PXD008280
29996109,Re-analysis|Same original authors,PXD003598
28887829,Re-analysis,PXD003607|PXD003668
28887829,Re-analysis,PXD003607|PXD003668
28887829,Re-analysis,PXD003607|PXD003668
28887829,Re-analysis,PXD003607|PXD003668
30489082,Re-analysis,PXD00365|PXD00296
30489082,Re-analysis,PXD00365|PXD00296
30293428,Benchmarking,PXD003737|PXD006131|PXD006626
30293428,Benchmarking,PXD003737|PXD006131|PXD006626
30293428,Benchmarking,PXD003737|PXD006131|PXD006626
30931570,Benchmarking,PXD003758
30467398,Re-analysis|proteogenomics,PXD003764|PXD002559
30467398,Re-analysis|proteogenomics,PXD003764|PXD002559
30525664,Benchmarking,PXD003896
31430157,Re-analysis|metaanalysis,PXD004034|PXD000332|PXD000394|PXD004894|PXD005141|PXD005336|PXD006675|PXD010630|PXD009737
31430157,Re-analysis|metaanalysis,PXD004034|PXD000332|PXD000394|PXD004894|PXD005141|PXD005336|PXD006675|PXD010630|PXD009737
31430157,Re-analysis|metaanalysis,PXD004034|PXD000332|PXD000394|PXD004894|PXD005141|PXD005336|PXD006675|PXD010630|PXD009737
31430157,Re-analysis|metaanalysis,PXD004034|PXD000332|PXD000394|PXD004894|PXD005141|PXD005336|PXD006675|PXD010630|PXD009737
31430157,Re-analysis|metaanalysis,PXD004034|PXD000332|PXD000394|PXD004894|PXD005141|PXD005336|PXD006675|PXD010630|PXD009737
31430157,Re-analysis|metaanalysis,PXD004034|PXD000332|PXD000394|PXD004894|PXD005141|PXD005336|PXD006675|PXD010630|PXD009737
31430157,Re-analysis|metaanalysis,PXD004034|PXD000332|PXD000394|PXD004894|PXD005141|PXD005336|PXD006675|PXD010630|PXD009737
31430157,Re-analysis|metaanalysis,PXD004034|PXD000332|PXD000394|PXD004894|PXD005141|PXD005336|PXD006675|PXD010630|PXD009737
31430157,Re-analysis|metaanalysis,PXD004034|PXD000332|PXD000394|PXD004894|PXD005141|PXD005336|PXD006675|PXD010630|PXD009737
29436230,Benchmarking,PXD004039
31665645,Re-analysis,PXD004193
28887379,Benchmarking,PXD004243|PXD002107
28887379,Benchmarking,PXD004243|PXD002107
28190768,Re-analysis,PXD004245 
31447428,Re-use,PXD004367|PXD005492
31447428,Re-analysis|metaanalysis,PXD004367|PXD005492
31447428,Re-use,PXD004367|PXD005492
31447428,Re-analysis|metaanalysis,PXD004367|PXD005492
29682972,Benchmarking,PXD004452|PXD006932|PXD001305|PXD008009|PXD003640|PXD002875
29682972,Benchmarking,PXD004452|PXD006932|PXD001305|PXD008009|PXD003640|PXD002875
29682972,Benchmarking,PXD004452|PXD006932|PXD001305|PXD008009|PXD003640|PXD002875
29682972,Benchmarking,PXD004452|PXD006932|PXD001305|PXD008009|PXD003640|PXD002875
29682972,Benchmarking,PXD004452|PXD006932|PXD001305|PXD008009|PXD003640|PXD002875
29682972,Benchmarking,PXD004452|PXD006932|PXD001305|PXD008009|PXD003640|PXD002875
28604659,Benchmarking,PXD004573|PXD004574
28604659,Benchmarking,PXD004573|PXD004574
30793903,Re-analysis,PXD004732|PXD000953|PXD002952
30793903,Re-analysis,PXD004732|PXD000953|PXD002952
30793903,Re-analysis,PXD004732|PXD000953|PXD002952
31133761,Machine-Learning|Re-analysis,PXD004732|PXD003668|PXD004977|PXD001608|PXD004732|PXD002549|PXD001250|PXD002452| PXD005485|PXD001636|PXD004087|PXD001695|PXD000955|PXD005041|PXD003472|PXD001865|PXD002607|PXD002908|PXD003002|PXD004276|PXD003189|PXD003583|PXD004321|PXD005126|PXD002912|PXD002785
31133761,Machine-Learning|Re-analysis,PXD004732|PXD003668|PXD004977|PXD001608|PXD004732|PXD002549|PXD001250|PXD002452| PXD005485|PXD001636|PXD004087|PXD001695|PXD000955|PXD005041|PXD003472|PXD001865|PXD002607|PXD002908|PXD003002|PXD004276|PXD003189|PXD003583|PXD004321|PXD005126|PXD002912|PXD002785
31133761,Machine-Learning|Re-analysis,PXD004732|PXD003668|PXD004977|PXD001608|PXD004732|PXD002549|PXD001250|PXD002452| PXD005485|PXD001636|PXD004087|PXD001695|PXD000955|PXD005041|PXD003472|PXD001865|PXD002607|PXD002908|PXD003002|PXD004276|PXD003189|PXD003583|PXD004321|PXD005126|PXD002912|PXD002785
31133761,Machine-Learning|Re-analysis,PXD004732|PXD003668|PXD004977|PXD001608|PXD004732|PXD002549|PXD001250|PXD002452| PXD005485|PXD001636|PXD004087|PXD001695|PXD000955|PXD005041|PXD003472|PXD001865|PXD002607|PXD002908|PXD003002|PXD004276|PXD003189|PXD003583|PXD004321|PXD005126|PXD002912|PXD002785
31133761,Machine-Learning|Re-analysis,PXD004732|PXD003668|PXD004977|PXD001608|PXD004732|PXD002549|PXD001250|PXD002452| PXD005485|PXD001636|PXD004087|PXD001695|PXD000955|PXD005041|PXD003472|PXD001865|PXD002607|PXD002908|PXD003002|PXD004276|PXD003189|PXD003583|PXD004321|PXD005126|PXD002912|PXD002785
31133761,Machine-Learning|Re-analysis,PXD004732|PXD003668|PXD004977|PXD001608|PXD004732|PXD002549|PXD001250|PXD002452| PXD005485|PXD001636|PXD004087|PXD001695|PXD000955|PXD005041|PXD003472|PXD001865|PXD002607|PXD002908|PXD003002|PXD004276|PXD003189|PXD003583|PXD004321|PXD005126|PXD002912|PXD002785
31133761,Machine-Learning|Re-analysis,PXD004732|PXD003668|PXD004977|PXD001608|PXD004732|PXD002549|PXD001250|PXD002452| PXD005485|PXD001636|PXD004087|PXD001695|PXD000955|PXD005041|PXD003472|PXD001865|PXD002607|PXD002908|PXD003002|PXD004276|PXD003189|PXD003583|PXD004321|PXD005126|PXD002912|PXD002785
31133761,Machine-Learning|Re-analysis,PXD004732|PXD003668|PXD004977|PXD001608|PXD004732|PXD002549|PXD001250|PXD002452| PXD005485|PXD001636|PXD004087|PXD001695|PXD000955|PXD005041|PXD003472|PXD001865|PXD002607|PXD002908|PXD003002|PXD004276|PXD003189|PXD003583|PXD004321|PXD005126|PXD002912|PXD002785
31133761,Machine-Learning|Re-analysis,PXD004732|PXD003668|PXD004977|PXD001608|PXD004732|PXD002549|PXD001250|PXD002452| PXD005485|PXD001636|PXD004087|PXD001695|PXD000955|PXD005041|PXD003472|PXD001865|PXD002607|PXD002908|PXD003002|PXD004276|PXD003189|PXD003583|PXD004321|PXD005126|PXD002912|PXD002785
31133761,Machine-Learning|Re-analysis,PXD004732|PXD003668|PXD004977|PXD001608|PXD004732|PXD002549|PXD001250|PXD002452| PXD005485|PXD001636|PXD004087|PXD001695|PXD000955|PXD005041|PXD003472|PXD001865|PXD002607|PXD002908|PXD003002|PXD004276|PXD003189|PXD003583|PXD004321|PXD005126|PXD002912|PXD002785
31133761,Machine-Learning|Re-analysis,PXD004732|PXD003668|PXD004977|PXD001608|PXD004732|PXD002549|PXD001250|PXD002452| PXD005485|PXD001636|PXD004087|PXD001695|PXD000955|PXD005041|PXD003472|PXD001865|PXD002607|PXD002908|PXD003002|PXD004276|PXD003189|PXD003583|PXD004321|PXD005126|PXD002912|PXD002785
31133761,Machine-Learning|Re-analysis,PXD004732|PXD003668|PXD004977|PXD001608|PXD004732|PXD002549|PXD001250|PXD002452| PXD005485|PXD001636|PXD004087|PXD001695|PXD000955|PXD005041|PXD003472|PXD001865|PXD002607|PXD002908|PXD003002|PXD004276|PXD003189|PXD003583|PXD004321|PXD005126|PXD002912|PXD002785
31133761,Machine-Learning|Re-analysis,PXD004732|PXD003668|PXD004977|PXD001608|PXD004732|PXD002549|PXD001250|PXD002452| PXD005485|PXD001636|PXD004087|PXD001695|PXD000955|PXD005041|PXD003472|PXD001865|PXD002607|PXD002908|PXD003002|PXD004276|PXD003189|PXD003583|PXD004321|PXD005126|PXD002912|PXD002785
31133761,Machine-Learning|Re-analysis,PXD004732|PXD003668|PXD004977|PXD001608|PXD004732|PXD002549|PXD001250|PXD002452| PXD005485|PXD001636|PXD004087|PXD001695|PXD000955|PXD005041|PXD003472|PXD001865|PXD002607|PXD002908|PXD003002|PXD004276|PXD003189|PXD003583|PXD004321|PXD005126|PXD002912|PXD002785
31133761,Machine-Learning|Re-analysis,PXD004732|PXD003668|PXD004977|PXD001608|PXD004732|PXD002549|PXD001250|PXD002452| PXD005485|PXD001636|PXD004087|PXD001695|PXD000955|PXD005041|PXD003472|PXD001865|PXD002607|PXD002908|PXD003002|PXD004276|PXD003189|PXD003583|PXD004321|PXD005126|PXD002912|PXD002785
31133761,Machine-Learning|Re-analysis,PXD004732|PXD003668|PXD004977|PXD001608|PXD004732|PXD002549|PXD001250|PXD002452| PXD005485|PXD001636|PXD004087|PXD001695|PXD000955|PXD005041|PXD003472|PXD001865|PXD002607|PXD002908|PXD003002|PXD004276|PXD003189|PXD003583|PXD004321|PXD005126|PXD002912|PXD002785
31133761,Machine-Learning|Re-analysis,PXD004732|PXD003668|PXD004977|PXD001608|PXD004732|PXD002549|PXD001250|PXD002452| PXD005485|PXD001636|PXD004087|PXD001695|PXD000955|PXD005041|PXD003472|PXD001865|PXD002607|PXD002908|PXD003002|PXD004276|PXD003189|PXD003583|PXD004321|PXD005126|PXD002912|PXD002785
31133761,Machine-Learning|Re-analysis,PXD004732|PXD003668|PXD004977|PXD001608|PXD004732|PXD002549|PXD001250|PXD002452| PXD005485|PXD001636|PXD004087|PXD001695|PXD000955|PXD005041|PXD003472|PXD001865|PXD002607|PXD002908|PXD003002|PXD004276|PXD003189|PXD003583|PXD004321|PXD005126|PXD002912|PXD002785
31133761,Machine-Learning|Re-analysis,PXD004732|PXD003668|PXD004977|PXD001608|PXD004732|PXD002549|PXD001250|PXD002452| PXD005485|PXD001636|PXD004087|PXD001695|PXD000955|PXD005041|PXD003472|PXD001865|PXD002607|PXD002908|PXD003002|PXD004276|PXD003189|PXD003583|PXD004321|PXD005126|PXD002912|PXD002785
31133761,Machine-Learning|Re-analysis,PXD004732|PXD003668|PXD004977|PXD001608|PXD004732|PXD002549|PXD001250|PXD002452| PXD005485|PXD001636|PXD004087|PXD001695|PXD000955|PXD005041|PXD003472|PXD001865|PXD002607|PXD002908|PXD003002|PXD004276|PXD003189|PXD003583|PXD004321|PXD005126|PXD002912|PXD002785
31133761,Machine-Learning|Re-analysis,PXD004732|PXD003668|PXD004977|PXD001608|PXD004732|PXD002549|PXD001250|PXD002452| PXD005485|PXD001636|PXD004087|PXD001695|PXD000955|PXD005041|PXD003472|PXD001865|PXD002607|PXD002908|PXD003002|PXD004276|PXD003189|PXD003583|PXD004321|PXD005126|PXD002912|PXD002785
31133761,Machine-Learning|Re-analysis,PXD004732|PXD003668|PXD004977|PXD001608|PXD004732|PXD002549|PXD001250|PXD002452| PXD005485|PXD001636|PXD004087|PXD001695|PXD000955|PXD005041|PXD003472|PXD001865|PXD002607|PXD002908|PXD003002|PXD004276|PXD003189|PXD003583|PXD004321|PXD005126|PXD002912|PXD002785
31133761,Machine-Learning|Re-analysis,PXD004732|PXD003668|PXD004977|PXD001608|PXD004732|PXD002549|PXD001250|PXD002452| PXD005485|PXD001636|PXD004087|PXD001695|PXD000955|PXD005041|PXD003472|PXD001865|PXD002607|PXD002908|PXD003002|PXD004276|PXD003189|PXD003583|PXD004321|PXD005126|PXD002912|PXD002785
31133761,Machine-Learning|Re-analysis,PXD004732|PXD003668|PXD004977|PXD001608|PXD004732|PXD002549|PXD001250|PXD002452| PXD005485|PXD001636|PXD004087|PXD001695|PXD000955|PXD005041|PXD003472|PXD001865|PXD002607|PXD002908|PXD003002|PXD004276|PXD003189|PXD003583|PXD004321|PXD005126|PXD002912|PXD002785
31133761,Machine-Learning|Re-analysis,PXD004732|PXD003668|PXD004977|PXD001608|PXD004732|PXD002549|PXD001250|PXD002452| PXD005485|PXD001636|PXD004087|PXD001695|PXD000955|PXD005041|PXD003472|PXD001865|PXD002607|PXD002908|PXD003002|PXD004276|PXD003189|PXD003583|PXD004321|PXD005126|PXD002912|PXD002785
31133761,Machine-Learning|Re-analysis,PXD004732|PXD003668|PXD004977|PXD001608|PXD004732|PXD002549|PXD001250|PXD002452| PXD005485|PXD001636|PXD004087|PXD001695|PXD000955|PXD005041|PXD003472|PXD001865|PXD002607|PXD002908|PXD003002|PXD004276|PXD003189|PXD003583|PXD004321|PXD005126|PXD002912|PXD002785
31133760,Machine-Learning|Re-analysis,PXD004732|PXD010595|PXD004452|PXD003977|PXD005573|PXD001126
31133760,Machine-Learning|Re-analysis,PXD004732|PXD010595|PXD004452|PXD003977|PXD005573|PXD001126
31133760,Machine-Learning|Re-analysis,PXD004732|PXD010595|PXD004452|PXD003977|PXD005573|PXD001126
31133760,Machine-Learning|Re-analysis,PXD004732|PXD010595|PXD004452|PXD003977|PXD005573|PXD001126
31133760,Machine-Learning|Re-analysis,PXD004732|PXD010595|PXD004452|PXD003977|PXD005573|PXD001126
31133760,Machine-Learning|Re-analysis,PXD004732|PXD010595|PXD004452|PXD003977|PXD005573|PXD001126
31611695,Re-analysis,PXD004746|PXD005704
31611695,Re-analysis,PXD004746|PXD005704
29793340,Benchmarking,PXD004749
29141005,Benchmarking,PXD004785|PXD004720|PXD001587|PXD004720|PXD003282|PXD004599|PXD004499|PXD004313|PXD004204
29141005,Benchmarking,PXD004785|PXD004720|PXD001587|PXD004720|PXD003282|PXD004599|PXD004499|PXD004313|PXD004204
29141005,Benchmarking,PXD004785|PXD004720|PXD001587|PXD004720|PXD003282|PXD004599|PXD004499|PXD004313|PXD004204
29141005,Benchmarking,PXD004785|PXD004720|PXD001587|PXD004720|PXD003282|PXD004599|PXD004499|PXD004313|PXD004204
29141005,Benchmarking,PXD004785|PXD004720|PXD001587|PXD004720|PXD003282|PXD004599|PXD004499|PXD004313|PXD004204
29141005,Benchmarking,PXD004785|PXD004720|PXD001587|PXD004720|PXD003282|PXD004599|PXD004499|PXD004313|PXD004204
29141005,Benchmarking,PXD004785|PXD004720|PXD001587|PXD004720|PXD003282|PXD004599|PXD004499|PXD004313|PXD004204
29141005,Benchmarking,PXD004785|PXD004720|PXD001587|PXD004720|PXD003282|PXD004599|PXD004499|PXD004313|PXD004204
29141005,Benchmarking,PXD004785|PXD004720|PXD001587|PXD004720|PXD003282|PXD004599|PXD004499|PXD004313|PXD004204
31589052,Benchmarking ,PXD004894
31039795,Re-analysis| immunopeptidomics,PXD004894
30171158,Re-analysis,PXD004894|PXD005231|PXD000394
30171158,Re-analysis,PXD004894|PXD005231|PXD000394
30171158,Re-analysis,PXD004894|PXD005231|PXD000394
30298734,Re-analysis|proteogenomics,PXD004949|PXD000454|PXD000455|PXD001712
30298734,Re-analysis|proteogenomics,PXD004949|PXD000454|PXD000455|PXD001712
30298734,Re-analysis|proteogenomics,PXD004949|PXD000454|PXD000455|PXD001712
30298734,Re-analysis|proteogenomics,PXD004949|PXD000454|PXD000455|PXD001712
31591261,Benchmarking,PXD005025|PXD004948|PXD004325|PXD004565|PXD004536|PXD004947|PXD003868|PXD004467|PXD009227|PXD004424
31591261,Benchmarking,PXD005025|PXD004948|PXD004325|PXD004565|PXD004536|PXD004947|PXD003868|PXD004467|PXD009227|PXD004424
31591261,Benchmarking,PXD005025|PXD004948|PXD004325|PXD004565|PXD004536|PXD004947|PXD003868|PXD004467|PXD009227|PXD004424
31591261,Benchmarking,PXD005025|PXD004948|PXD004325|PXD004565|PXD004536|PXD004947|PXD003868|PXD004467|PXD009227|PXD004424
31591261,Benchmarking,PXD005025|PXD004948|PXD004325|PXD004565|PXD004536|PXD004947|PXD003868|PXD004467|PXD009227|PXD004424
31591261,Benchmarking,PXD005025|PXD004948|PXD004325|PXD004565|PXD004536|PXD004947|PXD003868|PXD004467|PXD009227|PXD004424
31591261,Benchmarking,PXD005025|PXD004948|PXD004325|PXD004565|PXD004536|PXD004947|PXD003868|PXD004467|PXD009227|PXD004424
31591261,Benchmarking,PXD005025|PXD004948|PXD004325|PXD004565|PXD004536|PXD004947|PXD003868|PXD004467|PXD009227|PXD004424
31591261,Benchmarking,PXD005025|PXD004948|PXD004325|PXD004565|PXD004536|PXD004947|PXD003868|PXD004467|PXD009227|PXD004424
31591261,Benchmarking,PXD005025|PXD004948|PXD004325|PXD004565|PXD004536|PXD004947|PXD003868|PXD004467|PXD009227|PXD004424
30237200,Re-analysis,PXD005366
29118029,Benchmarking,PXD005467
31328383,Benchmarking,PXD005497
31586405,Re-analysis|new resource,PXD005554|PXD000456|PXD001025|PXD005130|PXD003215|PXD006562|PXD006563|PXD003517|PXD006579|PXD001765
31586405,Re-analysis|new resource,PXD005554|PXD000456|PXD001025|PXD005130|PXD003215|PXD006562|PXD006563|PXD003517|PXD006579|PXD001765
31586405,Re-analysis|new resource,PXD005554|PXD000456|PXD001025|PXD005130|PXD003215|PXD006562|PXD006563|PXD003517|PXD006579|PXD001765
31586405,Re-analysis|new resource,PXD005554|PXD000456|PXD001025|PXD005130|PXD003215|PXD006562|PXD006563|PXD003517|PXD006579|PXD001765
31586405,Re-analysis|new resource,PXD005554|PXD000456|PXD001025|PXD005130|PXD003215|PXD006562|PXD006563|PXD003517|PXD006579|PXD001765
31586405,Re-analysis|new resource,PXD005554|PXD000456|PXD001025|PXD005130|PXD003215|PXD006562|PXD006563|PXD003517|PXD006579|PXD001765
31586405,Re-analysis|new resource,PXD005554|PXD000456|PXD001025|PXD005130|PXD003215|PXD006562|PXD006563|PXD003517|PXD006579|PXD001765
31586405,Re-analysis|new resource,PXD005554|PXD000456|PXD001025|PXD005130|PXD003215|PXD006562|PXD006563|PXD003517|PXD006579|PXD001765
31586405,Re-analysis|new resource,PXD005554|PXD000456|PXD001025|PXD005130|PXD003215|PXD006562|PXD006563|PXD003517|PXD006579|PXD001765
31586405,Re-analysis|new resource,PXD005554|PXD000456|PXD001025|PXD005130|PXD003215|PXD006562|PXD006563|PXD003517|PXD006579|PXD001765
31040227,Re-analysis|proteogenomics,PXD005583
30610011,Benchmarking - meta-analysis,PXD005590
29083185,Benchmarking,PXD005590
30837968,Re-analysis,PXD006118
31235611,Benchmarking - Metaproteomics,PXD006118|PXD000279| PXD003151
31235611,Benchmarking - Metaproteomics,PXD006118|PXD000279| PXD003151
31235611,Benchmarking - Metaproteomics,PXD006118|PXD000279| PXD003151
31483995,Re-analysis|Re-use,PXD006118|PXD008407|PXD000498|PXD005102
31483995,Re-analysis|Re-use,PXD006118|PXD008407|PXD000498|PXD005102
31483995,Re-analysis|Re-use,PXD006118|PXD008407|PXD000498|PXD005102
31483995,Re-analysis|Re-use,PXD006118|PXD008407|PXD000498|PXD005102
30649171,Benchmarking,PXD006224|PXD002882|PXD006129|PXD006070|PXD003028|PXD000987|PXD005929|PXD006810
30649171,Benchmarking,PXD006224|PXD002882|PXD006129|PXD006070|PXD003028|PXD000987|PXD005929|PXD006810
30649171,Benchmarking,PXD006224|PXD002882|PXD006129|PXD006070|PXD003028|PXD000987|PXD005929|PXD006810
30649171,Benchmarking,PXD006224|PXD002882|PXD006129|PXD006070|PXD003028|PXD000987|PXD005929|PXD006810
30649171,Benchmarking,PXD006224|PXD002882|PXD006129|PXD006070|PXD003028|PXD000987|PXD005929|PXD006810
30649171,Benchmarking,PXD006224|PXD002882|PXD006129|PXD006070|PXD003028|PXD000987|PXD005929|PXD006810
30649171,Benchmarking,PXD006224|PXD002882|PXD006129|PXD006070|PXD003028|PXD000987|PXD005929|PXD006810
30649171,Benchmarking,PXD006224|PXD002882|PXD006129|PXD006070|PXD003028|PXD000987|PXD005929|PXD006810
31040226,Re-analysis,PXD006302
29889196,Re-use,PXD006465|PXD005246
29889196,Re-use,PXD006465|PXD005246
29133944,Re-use,PXD006675
31585525,Re-analysis|,PXD006708
29978702,Benchmarking,PXD006932
31290668,Benchmarking,PXD007058|PXD001620
31290668,Benchmarking,PXD007058|PXD001620
31132275,Benchmarking,PXD007207|PXD004971
31132275,Benchmarking,PXD007207|PXD004971
31235637,Benchmarking,PXD007683|PXD001250|PXD001584|PXD007160
31235637,Benchmarking,PXD007683|PXD001250|PXD001584|PXD007160
31235637,Benchmarking,PXD007683|PXD001250|PXD001584|PXD007160
31235637,Benchmarking,PXD007683|PXD001250|PXD001584|PXD007160
30518613,Re-analysis|proteogenomics,PXD007935
30106588,Re-analysis,PXD008029
30945869,Re-analysis,PXD008383
30474983,Benchmarking,PXD008425
30482846,Benchmarking,PXD008425|PXD002370|PXD002170
30482846,Benchmarking,PXD008425|PXD002370|PXD002170
30482846,Benchmarking,PXD008425|PXD002370|PXD002170
30651306,Re-use,PXD008550
30464214,Re-use,PXD008698
30576148,Benchmarking,PXD008855
29610271,Re-analysis,PXD008970
31300976,Re-use,PXD008970 
30420486,Re-analysis,PXD009449|PXD000561
30420486,Re-analysis,PXD009449|PXD000561
30979792,Re-analysis,PXD009477|PXD001550|PXD003198|PXD001565
30979792,Re-analysis,PXD009477|PXD001550|PXD003198|PXD001565
30979792,Re-analysis,PXD009477|PXD001550|PXD003198|PXD001565
30979792,Re-analysis,PXD009477|PXD001550|PXD003198|PXD001565
31665439,Re-analysis,PXD012398|PXD005586
31665439,Re-analysis,PXD012398|PXD005586